keyword,count
guest,1046
will,888
i,877
post,694
high,632
da,504
backlinks,450
seo,437
dofollow,360
do,347
on,313
publish,282
with,272
and,211
posts,187
authority,177
posting,156
service,151
link,131
90,124
quality,120
building,114
backlink,111
sites,108
write,94
premium,79
for,74
provide,66
website,66
blog,65
manual,63
white,62
hat,62
websites,61
article,60
outreach,54
google,54
ranking,49
site,49
to,48
german,48
dr,42
create,40
blogger,39
build,39
niche,38
50,37
contextual,37
uk,36
your,32
traffic,31
10,28
travel,28
a,28
blogs,26
through,24
news,24
services,23
my,22
plus,22
usa,21
off,20
page,20
or,19
blogging,19
100,19
home,18
tech,18
links,17
follow,17
approved,17
boost,17
airbnb,16
real,15
da90,15
edit,14
40,13
via,13
by,13
promotion,12
monthly,12
60,12
get,12
insertion,11
health,11
listing,11
business,11
our,11
agency,11
french,11
marketing,10
,10
make,10
fashion,10
30,10
permanent,9
cbd,9
manually,9
give,8
improvement,8
in,8
list,8
top,8
pa,7
au,7
you,7
canada,7
australian,7
20,7
profile,6
submission,6
unique,6
articles,6
marijuana,6
furniture,6
5,6
edits,6
from,6
msncom,5
powerful,5
relevant,5
posthigh,5
15,5
da50,5
techbullion,5
improve,5
rankings,5
affiliate,5
dutch,5
cannabis,5
the,5
general,4
rank,4
1000,4
skyrocket,4
content,4
an,4
linkbuilding,4
beauty,4
package,4
upto,4
cruixie,4
crypto,4
technology,4
55,4
backl,4
pr5,4
optimized,4
organic,4
finance,4
deliver,4
law,4
domain,4
food,3
decor,3
free,3
da52,3
310k,3
pet,3
legal,3
gaming,3
of,3
2,3
using,3
work,3
hotel,3
74,3
magazine,3
index,3
arabic,3
canadian,3
email,3
thailand,3
250,3
saas,3
us,3
150,3
seobacklinks,3
estate,3
booking,3
more,3
spanish,3
mediumcom,3
baby,2
web,2
genuine,2
metrics,2
mental,2
12,2
place,2
ventsmagazine,2
com,2
car,2
15k,2
australia,2
kofi,2
indexing,2
7,2
auto,2
automotive,2
24,2
da55,2
canadain,2
premiumguest,2
bloggingon,2
newsbreakcom,2
buildinguk,2
domains,2
da51,2
70,2
de,2
500,2
75,2
seothrough,2
words,2
over,2
adultity,2
80,2
italian,2
best,2
perfect,2
sweden,2
da65,2
99,2
ae,2
200,2
as,2
92,2
newsbreak,2
da62,2
83,2
help,2
optimization,2
instant,2
baclinks,2
nairaland,2
bitcoin,2
3m,2
tourism,2
vape,2
comment,2
japanese,2
indonesia,2
ads,2
advance,2
analysis,2
vrbo,2
comprehensive,1
5000,1
needs,1
uaeguest,1
trusted,1
bookings,1
bloggers,1
emails,1
better,1
contact,1
mexico,1
clothing,1
shower,1
ipsnewsnet,1
africa,1
specific,1
backlin,1
54,1
value,1
2000,1
share,1
method,1
relevancy,1
siteseo,1
short,1
term,1
strategy,1
game,1
da70edu,1
korea,1
hong,1
kong,1
singapore,1
profiles,1
within,1
hours,1
italy,1
japan,1
66,1
effective,1
germany,1
lawyer,1
attorney,1
firm,1
da70,1
skincare,1
healthcare,1
daguest,1
guarantee,1
medical,1
dental,1
at,1
ceoworld,1
58,1
above,1
interview,1
portuguese,1
strategic,1
plan,1
ukhealth,1
6,1
insertionguest,1
that,1
delivers,1
results,1
local,1
campaign,1
ai,1
keywords,1
growth,1
85,1
apnewscom,1
dr50,1
postsecure,1
vietnam,1
higher,1
immaculate,1
dr68,1
specialized,1
bespoke,1
handpicked,1
buy,1
da42,1
web2,1
da54,1
nz,1
new,1
zealand,1
next,1
usawirecom,1
1883magazinecom,1
negotiation,1
manage,1
owner,1
communication,1
outlookindia,1
timebusinessnews,1
londondailynews,1
outrank,1
competitors,1
level,1
gadgets,1
paid,1
indexed,1
crawling,1
websit,1
da43,1
unlock,1
usawire,1
artdaily,1
search,1
volume,1
breakingac,1
northpennnow,1
seaislenews,1
hq,1
published,1
whitehat,1
postingseo,1
theinscribermagcom,1
dating,1
82,1
posttech,1
fitness,1
ch,1
offpage,1
linkbuildings,1
editorial,1
geust,1
buildingblogger,1
outreachniche,1
da75,1
pdf,1
10k,1
improves,1
2025,1
this,1
is,1
it,1
shopping,1
theinscribermag,1
expressdigest,1
submit,1
120,1
sidebar,1
blogroll,1
social,1
bookmarking,1
newsbreakdofollowpremium,1
cloudstacking,1
great,1
warranty,1
125,1
low,1
spam,1
score,1
seach,1
engine,1
301,1
redirect,1
daily,1
basis,1
word,1
forum,1
nofollow,1
commenting,1
pr9,1
180,1
0,1
login,1
affordable,1
including,1
writing,1
hight,1
tf,1
hour,1
fr,1
999,1
increase,1
diverse,1
global,1
featured,1
parasite,1
w,1
packs,1
wedding,1
one,1
taxi,1
animal,1
spain,1
argentina,1
73,1
articleguest,1
tecbullioncom,1
linkedincom,1
65,1
gulf,1
uae,1
gardening,1
fruit,1
planting,1
thai,1
language,1
achieve,1
kids,1
toys,1
highquality,1
rental,1
garden,1
lawn,1
